Domain,Table,Field,Type,Constraints,Notes / Enum Values
Definitions & Configuration,departments,id,bigint,"primary key, auto-increment",
Definitions & Configuration,departments,organization_id,bigint,"FK: organizations, null: false",
Definitions & Configuration,departments,parent_department_id,bigint,FK: departments,Null for a top-level department.
Definitions & Configuration,departments,department_number,string,null: false; limit: 10; unique with organization_id,Human-facing financial department number; string preserves leading zeroes.
Definitions & Configuration,departments,name,string,null: false,
Definitions & Configuration,departments,code,string,null: false; unique with organization_id,Stable machine-readable code.
Definitions & Configuration,departments,postable,boolean,"null: false, default: true",False for reporting-only parent departments.
Definitions & Configuration,departments,inventory_asset_gl_account_code,string,limit: 20,Direct mapping retained pending a later accounting-mapping decision.
Definitions & Configuration,departments,sales_revenue_gl_account_code,string,limit: 20,
Definitions & Configuration,departments,sales_returns_gl_account_code,string,limit: 20,
Definitions & Configuration,departments,sales_discounts_gl_account_code,string,limit: 20,
Definitions & Configuration,departments,cogs_gl_account_code,string,limit: 20,
Definitions & Configuration,departments,vendor_returns_gl_account_code,string,limit: 20,
Definitions & Configuration,departments,inventory_shrinkage_gl_account_code,string,limit: 20,
Definitions & Configuration,departments,inventory_write_down_gl_account_code,string,limit: 20,
Definitions & Configuration,departments,inventory_adjustment_gl_account_code,string,limit: 20,
Definitions & Configuration,departments,freight_in_gl_account_code,string,limit: 20,
Definitions & Configuration,departments,default_tax_category_id,bigint,FK: tax_categories,Default only; variants and products may override.
Definitions & Configuration,departments,maximum_merchandise_discount,integer,,Maximum merchandise discount for items posting to this department; user authority is evaluated separately.
Definitions & Configuration,departments,default_return_policy_id,bigint,FK: return_policies,Department-level default; product or variant policy may override.
Definitions & Configuration,departments,active,boolean,"null: false, default: true",
Definitions & Configuration,departments,created_at,datetime,null: false,Rails timestamp.
Definitions & Configuration,departments,updated_at,datetime,null: false,Rails timestamp.
Definitions & Configuration,merchandise_classes,id,bigint,"primary key, auto-increment",
Definitions & Configuration,merchandise_classes,organization_id,bigint,"FK: organizations, null: false",
Definitions & Configuration,merchandise_classes,parent_id,bigint,FK: merchandise_classes,Added: 26-07-17
Definitions & Configuration,merchandise_classes,code,string,null: false; unique with organization_id,
Definitions & Configuration,merchandise_classes,name,string,null: false,
Definitions & Configuration,merchandise_classes,level,string,null: false,"primary, secondary, minor"
Definitions & Configuration,merchandise_classes,description,text,,
Definitions & Configuration,merchandise_classes,default_department_id,bigint,"FK: departments, null: false",
Definitions & Configuration,merchandise_classes,default_used_department_id,bigint,FK: departments,
Definitions & Configuration,merchandise_classes,default_inventory_tracking_mode,string,,"quantity, individual, none."
Definitions & Configuration,merchandise_classes,default_discountability,string,,"allowed, not_allowed, approval_required."
Definitions & Configuration,merchandise_classes,default_returnability,string,,"allowed, not_allowed, approval_required."
Definitions & Configuration,merchandise_classes,default_tax_category_id,bigint,FK: tax_categories,
Definitions & Configuration,merchandise_classes,shelving_guidance,text,,
Definitions & Configuration,merchandise_classes,active,boolean,"null: false, default: true",
Definitions & Configuration,merchandise_classes,created_at,datetime,null: false,Rails timestamp.
Definitions & Configuration,merchandise_classes,updated_at,datetime,null: false,Rails timestamp.
Definitions & Configuration,product_formats,id,bigint,"primary key, auto-increment",
Definitions & Configuration,product_formats,organization_id,bigint,"FK: organizations, null: false",
Definitions & Configuration,product_formats,name,string,null: false,"Examples: Hardcover, Trade Paperback, Vinyl Record, Greeting Card."
Definitions & Configuration,product_formats,code,string,null: false; unique with organization_id,Stable internal code.
Definitions & Configuration,product_formats,short_code,string,limit: 2; unique with organization_id,Bookstore or industry-facing abbreviation where applicable.
Definitions & Configuration,product_formats,format_family,string,,"book, recorded_music, video, game, periodical, stationery, gift, cafe, service, digital, other."
Definitions & Configuration,product_formats,default_inventory_tracking_mode,string,,"Optional setup default only: quantity, individual, none."
Definitions & Configuration,product_formats,active,boolean,"null: false, default: true",
Definitions & Configuration,product_formats,created_at,datetime,null: false,Rails timestamp.
Definitions & Configuration,product_formats,updated_at,datetime,null: false,Rails timestamp.
Definitions & Configuration,product_conditions,id,bigint,"primary key, auto-increment",
Definitions & Configuration,product_conditions,organization_id,bigint,"FK: organizations, null: false",
Definitions & Configuration,product_conditions,name,string,null: false,"Examples: New, Like New, Very Good, Good, Fair, Poor, Collectible."
Definitions & Configuration,product_conditions,code,string,null: false; unique with organization_id,
Definitions & Configuration,product_conditions,description,text,,
Definitions & Configuration,product_conditions,position,smallint,"null: false, default: 0",
Definitions & Configuration,product_conditions,active,boolean,"null: false, default: true",
Definitions & Configuration,product_conditions,created_at,datetime,null: false,Rails timestamp.
Definitions & Configuration,product_conditions,updated_at,datetime,null: false,Rails timestamp.
Definitions & Configuration,cash_movement_types,id,bigint,"primary key, auto-increment",
Definitions & Configuration,cash_movement_types,organization_id,bigint,"FK: organizations, null: false",
Definitions & Configuration,cash_movement_types,name,string,null: false,
Definitions & Configuration,cash_movement_types,code,string,null: false; unique with organization_id,
Definitions & Configuration,cash_movement_types,direction,string,null: false,"cash_in, cash_out."
Definitions & Configuration,cash_movement_types,requires_approval,boolean,"null: false, default: true",
Definitions & Configuration,cash_movement_types,requires_reference,boolean,"null: false, default: true",
Definitions & Configuration,cash_movement_types,active,boolean,"null: false, default: true",
Definitions & Configuration,cash_movement_types,created_at,datetime,null: false,Rails timestamp.
Definitions & Configuration,cash_movement_types,updated_at,datetime,null: false,Rails timestamp.
Definitions & Configuration,discount_reasons,id,bigint,"primary key, auto-increment",
Definitions & Configuration,discount_reasons,organization_id,bigint,"FK: organizations, null: false",
Definitions & Configuration,discount_reasons,name,string,null: false,
Definitions & Configuration,discount_reasons,code,string,null: false; unique with organization_id,
Definitions & Configuration,discount_reasons,default_calculation_method,string,null: false,"percentage, fixed_amount, fixed_price."
Definitions & Configuration,discount_reasons,default_rate_bps,integer,,Used when default method is percentage.
Definitions & Configuration,discount_reasons,default_amount_cents,integer,,Used when default method is fixed_amount or fixed_price.
Definitions & Configuration,discount_reasons,maximum_rate_bps,integer,,Maximum merchandise rate permitted for this reason; user authority is separate.
Definitions & Configuration,discount_reasons,requires_approval,boolean,"null: false, default: true",
Definitions & Configuration,discount_reasons,resulting_return_policy_id,bigint,FK: return_policies,"Optional policy imposed by the discount, such as final sale."
Definitions & Configuration,discount_reasons,active,boolean,"null: false, default: true",
Definitions & Configuration,discount_reasons,created_at,datetime,null: false,Rails timestamp.
Definitions & Configuration,discount_reasons,updated_at,datetime,null: false,Rails timestamp.
Definitions & Configuration,return_policies,id,bigint,"primary key, auto-increment",
Definitions & Configuration,return_policies,organization_id,bigint,"FK: organizations, null: false",
Definitions & Configuration,return_policies,name,string,null: false,
Definitions & Configuration,return_policies,code,string,null: false; unique with organization_id,
Definitions & Configuration,return_policies,final_sale,boolean,"null: false, default: false",
Definitions & Configuration,return_policies,return_window_days,smallint,,Null where no time limit applies or returns are prohibited.
Definitions & Configuration,return_policies,active,boolean,"null: false, default: true",
Definitions & Configuration,return_policies,created_at,datetime,null: false,Rails timestamp.
Definitions & Configuration,return_policies,updated_at,datetime,null: false,Rails timestamp.
Definitions & Configuration,return_reasons,id,bigint,"primary key, auto-increment",
Definitions & Configuration,return_reasons,organization_id,bigint,"FK: organizations, null: false",
Definitions & Configuration,return_reasons,name,string,null: false,
Definitions & Configuration,return_reasons,code,string,null: false; unique with organization_id,
Definitions & Configuration,return_reasons,default_return_disposition,string,,"Optional suggestion: return_to_stock, inspection_required, damaged, return_to_vendor, discard, non_inventory."
Definitions & Configuration,return_reasons,active,boolean,"null: false, default: true",
Definitions & Configuration,return_reasons,created_at,datetime,null: false,Rails timestamp.
Definitions & Configuration,return_reasons,updated_at,datetime,null: false,Rails timestamp.
Definitions & Configuration,tax_categories,id,bigint,"primary key, auto-increment",
Definitions & Configuration,tax_categories,organization_id,bigint,"FK: organizations, null: false",
Definitions & Configuration,tax_categories,name,string,null: false; unique with organization_id,
Definitions & Configuration,tax_categories,code,string,null: false; unique with organization_id,
Definitions & Configuration,tax_categories,active,boolean,"null: false, default: true",
Definitions & Configuration,tax_categories,created_at,datetime,null: false,Rails timestamp.
Definitions & Configuration,tax_categories,updated_at,datetime,null: false,Rails timestamp.
Definitions & Configuration,store_tax_rates,id,bigint,"primary key, auto-increment",
Definitions & Configuration,store_tax_rates,store_id,bigint,"FK: stores, null: false",
Definitions & Configuration,store_tax_rates,name,string,"null: false, limit: 40",
Definitions & Configuration,store_tax_rates,code,string,null: false; unique with store_id,
Definitions & Configuration,store_tax_rates,receipt_code,string,"null: false, limit: 3",Short identifier printed on receipts.
Definitions & Configuration,store_tax_rates,jurisdiction_name,string,,
Definitions & Configuration,store_tax_rates,rate,"decimal(10,8)",null: false,Decimal rate; 0.13000000 represents 13%.
Definitions & Configuration,store_tax_rates,effective_from,date,,
Definitions & Configuration,store_tax_rates,effective_to,date,,
Definitions & Configuration,store_tax_rates,active,boolean,"null: false, default: true",
Definitions & Configuration,store_tax_rates,created_at,datetime,null: false,Rails timestamp.
Definitions & Configuration,store_tax_rates,updated_at,datetime,null: false,Rails timestamp.
Definitions & Configuration,store_tax_rules,id,bigint,"primary key, auto-increment",
Definitions & Configuration,store_tax_rules,tax_category_id,bigint,"FK: tax_categories, null: false",
Definitions & Configuration,store_tax_rules,store_tax_rate_id,bigint,"FK: store_tax_rates, null: false",The rate identifies the store.
Definitions & Configuration,store_tax_rules,taxable_fraction,"decimal(10,8)","null: false, default: 1",1.0 means fully taxable.
Definitions & Configuration,store_tax_rules,calculation_order,smallint,"null: false, default: 0",Calculation and receipt display order.
Definitions & Configuration,store_tax_rules,compounds_on_prior_tax,boolean,"null: false, default: false",
Definitions & Configuration,store_tax_rules,effective_from,date,,
Definitions & Configuration,store_tax_rules,effective_to,date,,
Definitions & Configuration,store_tax_rules,active,boolean,"null: false, default: true",
Definitions & Configuration,store_tax_rules,created_at,datetime,null: false,Rails timestamp.
Definitions & Configuration,store_tax_rules,updated_at,datetime,null: false,Rails timestamp.
Definitions & Configuration,stored_value_adjustment_reasons,id,bigint,"primary key, auto-increment",
Definitions & Configuration,stored_value_adjustment_reasons,organization_id,bigint,"FK: organizations, null: false",
Definitions & Configuration,stored_value_adjustment_reasons,name,string,null: false,
Definitions & Configuration,stored_value_adjustment_reasons,code,string,null: false; unique with organization_id,
Definitions & Configuration,stored_value_adjustment_reasons,active,boolean,"null: false, default: true",
Definitions & Configuration,stored_value_adjustment_reasons,created_at,datetime,null: false,Rails timestamp.
Definitions & Configuration,stored_value_adjustment_reasons,updated_at,datetime,null: false,Rails timestamp.
Definitions & Configuration,tender_types,id,bigint,"primary key, auto-increment",
Definitions & Configuration,tender_types,organization_id,bigint,"FK: organizations, null: false",
Definitions & Configuration,tender_types,tender_category,string,null: false,"cash, card, check, stored_value, other."
Definitions & Configuration,tender_types,name,string,null: false,
Definitions & Configuration,tender_types,code,string,null: false; unique with organization_id,
Definitions & Configuration,tender_types,shortcut,string,limit: 3; unique with organization_id,Optional POS keyboard shortcut.
Definitions & Configuration,tender_types,payment_enabled,boolean,"null: false, default: true",
Definitions & Configuration,tender_types,refund_enabled,boolean,"null: false, default: true",
Definitions & Configuration,tender_types,allows_over_tender,boolean,"null: false, default: false",
Definitions & Configuration,tender_types,provides_change,boolean,"null: false, default: false",
Definitions & Configuration,tender_types,reference_1_requirement,string,"null: false, default: none","none, optional, required."
Definitions & Configuration,tender_types,reference_1_label,string,limit: 20,
Definitions & Configuration,tender_types,reference_1_mask,string,,
Definitions & Configuration,tender_types,reference_2_requirement,string,"null: false, default: none","none, optional, required."
Definitions & Configuration,tender_types,reference_2_label,string,limit: 20,
Definitions & Configuration,tender_types,reference_2_mask,string,,
Definitions & Configuration,tender_types,active,boolean,"null: false, default: true",
Definitions & Configuration,tender_types,created_at,datetime,null: false,Rails timestamp.
Definitions & Configuration,tender_types,updated_at,datetime,null: false,Rails timestamp.
Identity & Authorization,permissions,id,bigint,"primary key, auto-increment",
Identity & Authorization,permissions,code,string,"null: false, unique","Examples: pos.complete_transaction, inventory.release_reservation."
Identity & Authorization,permissions,name,string,null: false,
Identity & Authorization,permissions,description,text,,
Identity & Authorization,permissions,permission_group,string,,"Administrative grouping such as pos, inventory, catalog, purchasing."
Identity & Authorization,permissions,active,boolean,"null: false, default: true",
Identity & Authorization,permissions,created_at,datetime,null: false,Rails timestamp.
Identity & Authorization,permissions,updated_at,datetime,null: false,Rails timestamp.
Identity & Authorization,roles,id,bigint,"primary key, auto-increment",
Identity & Authorization,roles,organization_id,bigint,"FK: organizations, null: false",
Identity & Authorization,roles,code,string,null: false; unique with organization_id,
Identity & Authorization,roles,name,string,null: false; unique with organization_id,
Identity & Authorization,roles,description,text,,
Identity & Authorization,roles,system_template,boolean,"null: false, default: false",
Identity & Authorization,roles,active,boolean,"null: false, default: true",
Identity & Authorization,roles,created_at,datetime,null: false,Rails timestamp.
Identity & Authorization,roles,updated_at,datetime,null: false,Rails timestamp.
Identity & Authorization,role_permissions,id,bigint,"primary key, auto-increment",
Identity & Authorization,role_permissions,role_id,bigint,"FK: roles, null: false; unique with permission_id",
Identity & Authorization,role_permissions,permission_id,bigint,"FK: permissions, null: false; unique with role_id",
Identity & Authorization,role_permissions,created_at,datetime,null: false,Rails timestamp.
Identity & Authorization,role_permissions,updated_at,datetime,null: false,Rails timestamp.
Identity & Authorization,users,id,bigint,"primary key, auto-increment",
Identity & Authorization,users,username,string,"null: false, unique",
Identity & Authorization,users,user_number,integer,unique,Human-facing employee or user number.
Identity & Authorization,users,first_name,string,,
Identity & Authorization,users,last_name,string,,
Identity & Authorization,users,email,string,,
Identity & Authorization,users,password_digest,string,,
Identity & Authorization,users,pin_digest,string,,
Identity & Authorization,users,default_store_id,bigint,FK: stores,Navigation convenience; does not grant access.
Identity & Authorization,users,active,boolean,"null: false, default: true",
Identity & Authorization,users,locked_at,datetime,,Temporary authentication lock state.
Identity & Authorization,users,last_login_at,datetime,,
Identity & Authorization,users,failed_login_attempts,integer,"null: false, default: 0",
Identity & Authorization,users,password_changed_at,datetime,,
Identity & Authorization,users,pin_changed_at,datetime,,
Identity & Authorization,users,created_at,datetime,null: false,Rails timestamp.
Identity & Authorization,users,updated_at,datetime,null: false,Rails timestamp.
Identity & Authorization,store_memberships,id,bigint,"primary key, auto-increment",
Identity & Authorization,store_memberships,user_id,bigint,"FK: users, null: false; unique with store_id",
Identity & Authorization,store_memberships,store_id,bigint,"FK: stores, null: false; unique with user_id",
Identity & Authorization,store_memberships,role_id,bigint,"FK: roles, null: false",
Identity & Authorization,store_memberships,active,boolean,"null: false, default: true",
Identity & Authorization,store_memberships,starts_on,date,,
Identity & Authorization,store_memberships,ends_on,date,,
Identity & Authorization,store_memberships,maximum_discount_rate,"decimal(10,8)",,Membership override; role or store default applies when null.
Identity & Authorization,store_memberships,maximum_discount_amount_cents,integer,,
Identity & Authorization,store_memberships,maximum_price_override_rate,"decimal(10,8)",,
Identity & Authorization,store_memberships,maximum_cash_refund_cents,integer,,
Identity & Authorization,store_memberships,maximum_no_receipt_return_cents,integer,,
Identity & Authorization,store_memberships,maximum_paid_out_cents,integer,,
Identity & Authorization,store_memberships,cash_variance_review_threshold_cents,integer,,
Identity & Authorization,store_memberships,assigned_by_user_id,bigint,FK: users,
Identity & Authorization,store_memberships,created_at,datetime,null: false,Rails timestamp.
Identity & Authorization,store_memberships,updated_at,datetime,null: false,Rails timestamp.
Stores & Operational Control,organizations,id,bigint,"primary key, auto-increment",
Stores & Operational Control,organizations,code,string,"null: false, unique",
Stores & Operational Control,organizations,name,string,null: false,
Stores & Operational Control,organizations,legal_name,string,,
Stores & Operational Control,organizations,default_currency_code,string,"null: false, limit: 3",ISO 4217.
Stores & Operational Control,organizations,default_timezone,string,null: false,IANA time-zone identifier.
Stores & Operational Control,organizations,active,boolean,"null: false, default: true",
Stores & Operational Control,organizations,created_at,datetime,null: false,Rails timestamp.
Stores & Operational Control,organizations,updated_at,datetime,null: false,Rails timestamp.
Stores & Operational Control,stores,id,bigint,"primary key, auto-increment",
Stores & Operational Control,stores,organization_id,bigint,"FK: organizations, null: false",
Stores & Operational Control,stores,code,string,null: false; unique with organization_id,Stable operational code; string preserves leading zeroes.
Stores & Operational Control,stores,store_number,string,unique with organization_id,Optional human-facing number where distinct from code.
Stores & Operational Control,stores,name,string,null: false,
Stores & Operational Control,stores,legal_name,string,,
Stores & Operational Control,stores,address_line_1,string,,
Stores & Operational Control,stores,address_line_2,string,,
Stores & Operational Control,stores,city,string,,
Stores & Operational Control,stores,region,string,,"State, province, or region."
Stores & Operational Control,stores,postal_code,string,limit: 12,
Stores & Operational Control,stores,country_code,string,limit: 2,ISO 3166-1 alpha-2.
Stores & Operational Control,stores,phone,string,limit: 30,
Stores & Operational Control,stores,email,string,,
Stores & Operational Control,stores,san_number,string,limit: 8,"Standard Address Number, where applicable."
Stores & Operational Control,stores,timezone,string,null: false,IANA time-zone identifier.
Stores & Operational Control,stores,currency_code,string,"null: false, limit: 3",ISO 4217.
Stores & Operational Control,stores,receipt_header,text,,
Stores & Operational Control,stores,receipt_footer,text,,
Stores & Operational Control,stores,active,boolean,"null: false, default: true",
Stores & Operational Control,stores,created_at,datetime,null: false,Rails timestamp.
Stores & Operational Control,stores,updated_at,datetime,null: false,Rails timestamp.
Stores & Operational Control,business_days,id,bigint,"primary key, auto-increment",
Stores & Operational Control,business_days,store_id,bigint,"FK: stores, null: false",
Stores & Operational Control,business_days,business_date,date,null: false; unique with store_id,
Stores & Operational Control,business_days,status,string,"null: false, default: open","open, closed, reconciled."
Stores & Operational Control,business_days,opened_at,datetime,null: false,
Stores & Operational Control,business_days,opened_by_user_id,bigint,FK: users,
Stores & Operational Control,business_days,closed_at,datetime,,
Stores & Operational Control,business_days,closed_by_user_id,bigint,FK: users,
Stores & Operational Control,business_days,reconciled_at,datetime,,
Stores & Operational Control,business_days,reconciled_by_user_id,bigint,FK: users,
Stores & Operational Control,business_days,z_report_number,string,,
Stores & Operational Control,business_days,created_at,datetime,null: false,Rails timestamp.
Stores & Operational Control,business_days,updated_at,datetime,null: false,Rails timestamp.
Stores & Operational Control,pos_devices,id,bigint,"primary key, auto-increment",
Stores & Operational Control,pos_devices,store_id,bigint,"FK: stores, null: false",
Stores & Operational Control,pos_devices,code,string,null: false; unique with store_id,
Stores & Operational Control,pos_devices,name,string,null: false,
Stores & Operational Control,pos_devices,device_type,string,"null: false, default: register","register, mobile_pos, back_office, self_checkout."
Stores & Operational Control,pos_devices,active,boolean,"null: false, default: true",
Stores & Operational Control,pos_devices,last_seen_at,datetime,,
Stores & Operational Control,pos_devices,created_at,datetime,null: false,Rails timestamp.
Stores & Operational Control,pos_devices,updated_at,datetime,null: false,Rails timestamp.
Stores & Operational Control,cash_drawers,id,bigint,"primary key, auto-increment",
Stores & Operational Control,cash_drawers,store_id,bigint,"FK: stores, null: false",
Stores & Operational Control,cash_drawers,code,string,null: false; unique with store_id,
Stores & Operational Control,cash_drawers,name,string,null: false,
Stores & Operational Control,cash_drawers,active,boolean,"null: false, default: true",
Stores & Operational Control,cash_drawers,created_at,datetime,null: false,Rails timestamp.
Stores & Operational Control,cash_drawers,updated_at,datetime,null: false,Rails timestamp.
Stores & Operational Control,pos_sessions,id,bigint,"primary key, auto-increment",
Stores & Operational Control,pos_sessions,business_day_id,bigint,"FK: business_days, null: false",
Stores & Operational Control,pos_sessions,store_id,bigint,"FK: stores, null: false",Retained explicitly for validation and reporting.
Stores & Operational Control,pos_sessions,pos_device_id,bigint,"FK: pos_devices, null: false",
Stores & Operational Control,pos_sessions,cash_drawer_id,bigint,FK: cash_drawers,Null for card-only sessions.
Stores & Operational Control,pos_sessions,responsible_user_id,bigint,FK: users,Primary accountable user; transaction cashier is stored separately.
Stores & Operational Control,pos_sessions,session_number,string,null: false; unique with store_id,
Stores & Operational Control,pos_sessions,status,string,"null: false, default: open","open, closed, reconciled."
Stores & Operational Control,pos_sessions,opened_at,datetime,null: false,
Stores & Operational Control,pos_sessions,opened_by_user_id,bigint,FK: users,
Stores & Operational Control,pos_sessions,closed_at,datetime,,
Stores & Operational Control,pos_sessions,closed_by_user_id,bigint,FK: users,
Stores & Operational Control,pos_sessions,reconciled_at,datetime,,
Stores & Operational Control,pos_sessions,reconciled_by_user_id,bigint,FK: users,
Stores & Operational Control,pos_sessions,opening_cash_cents,integer,,
Stores & Operational Control,pos_sessions,expected_cash_cents,integer,,
Stores & Operational Control,pos_sessions,counted_cash_cents,integer,,
Stores & Operational Control,pos_sessions,cash_variance_cents,integer,,
Stores & Operational Control,pos_sessions,z_report_number,string,,
Stores & Operational Control,pos_sessions,created_at,datetime,null: false,Rails timestamp.
Stores & Operational Control,pos_sessions,updated_at,datetime,null: false,Rails timestamp.
Stores & Operational Control,pos_session_cash_counts,id,bigint,"primary key, auto-increment",
Stores & Operational Control,pos_session_cash_counts,pos_session_id,bigint,"FK: pos_sessions, null: false",
Stores & Operational Control,pos_session_cash_counts,count_type,string,null: false,"opening, closing, manager_recount, reconciled."
Stores & Operational Control,pos_session_cash_counts,total_cents,integer,null: false,
Stores & Operational Control,pos_session_cash_counts,denomination_detail,json,,Optional denomination quantities and totals.
Stores & Operational Control,pos_session_cash_counts,counted_by_user_id,bigint,"FK: users, null: false",
Stores & Operational Control,pos_session_cash_counts,counted_at,datetime,null: false,
Stores & Operational Control,pos_session_cash_counts,created_at,datetime,null: false,Rails timestamp.
Catalog & Products,products,id,bigint,"primary key, auto-increment",
Catalog & Products,products,organization_id,bigint,"FK: organizations, null: false",
Catalog & Products,products,identifier,string,null: false; unique with organization_id,"Canonical ISBN-13/EAN-13, UPC-A, other approved trade identifier, or ShelfStack 29-prefix local identifier."
Catalog & Products,products,alternate_identifier,string,indexed; not unique,Optional alternate lookup value; ISBN-10 is not stored solely for lookup.
Catalog & Products,products,identifier_generated,boolean,"null: false, default: false",
Catalog & Products,products,identifier_validation_status,string,"null: false, default: valid","valid, warning, unknown, not_applicable."
Catalog & Products,products,identifier_warning,text,,
Catalog & Products,products,name,string,null: false,Universal product name; UI may label this Title for books.
Catalog & Products,products,subtitle,string,,
Catalog & Products,products,description,text,,
Catalog & Products,products,features,text,,
Catalog & Products,products,internal_notes,text,,
Catalog & Products,products,product_type,string,null: false,"book, recorded_music, video, periodical, game, stationery, gift, cafe, service, other."
Catalog & Products,products,product_format_id,bigint,"FK: product_formats, null: false",
Catalog & Products,products,default_display_category_id,bigint,FK: display_categories,
Catalog & Products,products,default_department_id,bigint,FK: departments,
Catalog & Products,products,default_tax_category_id,bigint,FK: tax_categories,
Catalog & Products,products,merchandise_class_id,bigint,FK: merchandise_classes,
Catalog & Products,products,variant_structure,string,"null: false, default: single","single, options, matrix."
Catalog & Products,products,list_price_cents,integer,,External list price or MSRP; null where not applicable or unknown.
Catalog & Products,products,publisher_or_manufacturer_name,string,,String retained until publisher/manufacturer party model is designed.
Catalog & Products,products,imprint_or_brand_name,string,,
Catalog & Products,products,publication_or_release_date,date,,
Catalog & Products,products,publication_status,string,,"active, not_yet_published, out_of_print, out_of_stock_indefinitely, cancelled, postponed."
Catalog & Products,products,edition_type,string,,"Examples: illustrated, large_print, revised, signed_edition."
Catalog & Products,products,edition_description,string,,
Catalog & Products,products,series_name,string,,
Catalog & Products,products,series_number,string,,Supports values such as 1.5 or Volume II.
Catalog & Products,products,audience_range_type,string,,"age, grade."
Catalog & Products,products,audience_range_from,smallint,,
Catalog & Products,products,audience_range_to,smallint,,
Catalog & Products,products,page_count,integer,,
Catalog & Products,products,language_code,string,,Prefer ISO language code.
Catalog & Products,products,previous_edition_product_id,bigint,FK: products,
Catalog & Products,products,next_edition_product_id,bigint,FK: products,
Catalog & Products,products,height_inches,"decimal(8,3)",,
Catalog & Products,products,width_inches,"decimal(8,3)",,
Catalog & Products,products,depth_inches,"decimal(8,3)",,
Catalog & Products,products,weight_pounds,"decimal(8,3)",,
Catalog & Products,products,discountability_setting,string,"null: false, default: inherit","inherit, allowed, not_allowed, approval_required."
Catalog & Products,products,returnability_setting,string,"null: false, default: inherit","inherit, allowed, not_allowed, approval_required."
Catalog & Products,products,status,string,"null: false, default: active","active, inactive, discontinued."
Catalog & Products,products,sellable,boolean,"null: false, default: true",
Catalog & Products,products,available_from,date,,
Catalog & Products,products,available_until,date,,
Catalog & Products,products,created_at,datetime,null: false,Rails timestamp.
Catalog & Products,products,updated_at,datetime,null: false,Rails timestamp.
Catalog & Products,product_variants,id,bigint,"primary key, auto-increment",
Catalog & Products,product_variants,product_id,bigint,"FK: products, null: false",
Catalog & Products,product_variants,sku,string,"null: false, unique",ShelfStack-generated 28-prefix EAN-13 SKU.
Catalog & Products,product_variants,name,string,null: false,Use Standard where the product has one implicit variant.
Catalog & Products,product_variants,description,text,,
Catalog & Products,product_variants,inventory_tracking_mode,string,"null: false, default: quantity","quantity, individual, none."
Catalog & Products,product_variants,default_product_condition_id,bigint,FK: product_conditions,Default for quantity stock and newly created inventory units.
Catalog & Products,product_variants,regular_price_cents,integer,,Current normal selling price; null blocks ordinary sale.
Catalog & Products,product_variants,department_id,bigint,FK: departments,Optional override of product default.
Catalog & Products,product_variants,display_category_id,bigint,FK: display_categories,Optional override of product default.
Catalog & Products,product_variants,tax_category_id,bigint,FK: tax_categories,Optional override of product default.
Catalog & Products,product_variants,merchandise_class_id,bigint,FK: merchandise_classes,Optional override of product default.
Catalog & Products,product_variants,discountability_setting,string,"null: false, default: inherit","inherit, allowed, not_allowed, approval_required."
Catalog & Products,product_variants,returnability_setting,string,"null: false, default: inherit","inherit, allowed, not_allowed, approval_required."
Catalog & Products,product_variants,return_policy_id,bigint,FK: return_policies,
Catalog & Products,product_variants,status,string,"null: false, default: active","active, inactive, discontinued."
Catalog & Products,product_variants,sellable,boolean,"null: false, default: true",
Catalog & Products,product_variants,purchasable,boolean,"null: false, default: true",
Catalog & Products,product_variants,available_from,date,,
Catalog & Products,product_variants,available_until,date,,
Catalog & Products,product_variants,created_at,datetime,null: false,Rails timestamp.
Catalog & Products,product_variants,updated_at,datetime,null: false,Rails timestamp.
Catalog & Products,product_options,id,bigint,"primary key, auto-increment",
Catalog & Products,product_options,product_id,bigint,"FK: products, null: false; unique with name",
Catalog & Products,product_options,name,string,null: false,"Examples: Size, Color, Binding."
Catalog & Products,product_options,position,smallint,"null: false, default: 0",
Catalog & Products,product_options,created_at,datetime,null: false,Rails timestamp.
Catalog & Products,product_options,updated_at,datetime,null: false,Rails timestamp.
Catalog & Products,product_option_values,id,bigint,"primary key, auto-increment",
Catalog & Products,product_option_values,product_option_id,bigint,"FK: product_options, null: false; unique with value",
Catalog & Products,product_option_values,value,string,null: false,"Examples: Large, Blue, Hardcover."
Catalog & Products,product_option_values,position,smallint,"null: false, default: 0",
Catalog & Products,product_option_values,created_at,datetime,null: false,Rails timestamp.
Catalog & Products,product_option_values,updated_at,datetime,null: false,Rails timestamp.
Catalog & Products,product_variant_option_values,id,bigint,"primary key, auto-increment",
Catalog & Products,product_variant_option_values,product_variant_id,bigint,"FK: product_variants, null: false; unique with product_option_value_id",
Catalog & Products,product_variant_option_values,product_option_value_id,bigint,"FK: product_option_values, null: false; unique with product_variant_id",
Catalog & Products,product_variant_option_values,created_at,datetime,null: false,Rails timestamp.
Catalog & Products,product_variant_option_values,updated_at,datetime,null: false,Rails timestamp.
Vendors & Purchasing,vendors,id,bigint,"primary key, auto-increment",
Vendors & Purchasing,vendors,organization_id,bigint,"FK: organizations, null: false",
Vendors & Purchasing,vendors,code,string,null: false; unique with organization_id,
Vendors & Purchasing,vendors,name,string,null: false,
Vendors & Purchasing,vendors,legal_name,string,,
Vendors & Purchasing,vendors,active,boolean,"null: false, default: true",
Vendors & Purchasing,vendors,ordering_contact,string,,
Vendors & Purchasing,vendors,ordering_email,string,,
Vendors & Purchasing,vendors,phone,string,,
Vendors & Purchasing,vendors,account_reference,string,,
Vendors & Purchasing,vendors,default_supplier_discount_bps,integer,,Default vendor discount from list cost.
Vendors & Purchasing,vendors,notes,text,,
Vendors & Purchasing,vendors,created_at,datetime,null: false,Rails timestamp.
Vendors & Purchasing,vendors,updated_at,datetime,null: false,Rails timestamp.
Vendors & Purchasing,product_variant_vendors,id,bigint,"primary key, auto-increment",
Vendors & Purchasing,product_variant_vendors,product_variant_id,bigint,"FK: product_variants, null: false; unique with vendor_id",
Vendors & Purchasing,product_variant_vendors,vendor_id,bigint,"FK: vendors, null: false; unique with product_variant_id",
Vendors & Purchasing,product_variant_vendors,vendor_item_code,string,,
Vendors & Purchasing,product_variant_vendors,vendor_identifier,string,,
Vendors & Purchasing,product_variant_vendors,list_cost_cents,integer,,
Vendors & Purchasing,product_variant_vendors,discount_bps,integer,,
Vendors & Purchasing,product_variant_vendors,expected_unit_cost_cents,integer,,
Vendors & Purchasing,product_variant_vendors,minimum_order_quantity,integer,,
Vendors & Purchasing,product_variant_vendors,order_multiple,integer,,
Vendors & Purchasing,product_variant_vendors,returnable,boolean,,
Vendors & Purchasing,product_variant_vendors,preferred,boolean,"null: false, default: false",
Vendors & Purchasing,product_variant_vendors,active,boolean,"null: false, default: true",
Vendors & Purchasing,product_variant_vendors,last_ordered_at,datetime,,
Vendors & Purchasing,product_variant_vendors,last_received_at,datetime,,
Vendors & Purchasing,product_variant_vendors,notes,text,,
Vendors & Purchasing,product_variant_vendors,created_at,datetime,null: false,Rails timestamp.
Vendors & Purchasing,product_variant_vendors,updated_at,datetime,null: false,Rails timestamp.
Vendors & Purchasing,purchase_orders,id,bigint,"primary key, auto-increment",
Vendors & Purchasing,purchase_orders,store_id,bigint,"FK: stores, null: false",
Vendors & Purchasing,purchase_orders,vendor_id,bigint,"FK: vendors, null: false",
Vendors & Purchasing,purchase_orders,purchase_order_number,string,null: false; unique with store_id,
Vendors & Purchasing,purchase_orders,status,string,"null: false, default: draft","draft, submitted, ordered, received, closed, cancelled."
Vendors & Purchasing,purchase_orders,ordered_on,date,,
Vendors & Purchasing,purchase_orders,expected_on,date,,
Vendors & Purchasing,purchase_orders,submitted_at,datetime,,
Vendors & Purchasing,purchase_orders,submitted_by_user_id,bigint,FK: users,
Vendors & Purchasing,purchase_orders,ordered_at,datetime,,
Vendors & Purchasing,purchase_orders,ordered_by_user_id,bigint,FK: users,
Vendors & Purchasing,purchase_orders,buyer_user_id,bigint,FK: users,
Vendors & Purchasing,purchase_orders,vendor_reference,string,,
Vendors & Purchasing,purchase_orders,notes,text,,
Vendors & Purchasing,purchase_orders,created_at,datetime,null: false,Rails timestamp.
Vendors & Purchasing,purchase_orders,updated_at,datetime,null: false,Rails timestamp.
Vendors & Purchasing,purchase_order_lines,id,bigint,"primary key, auto-increment",
Vendors & Purchasing,purchase_order_lines,purchase_order_id,bigint,"FK: purchase_orders, null: false",
Vendors & Purchasing,purchase_order_lines,position,smallint,"null: false, default: 0",
Vendors & Purchasing,purchase_order_lines,product_variant_id,bigint,"FK: product_variants, null: false",
Vendors & Purchasing,purchase_order_lines,product_variant_vendor_id,bigint,FK: product_variant_vendors,
Vendors & Purchasing,purchase_order_lines,description_snapshot,string,null: false,
Vendors & Purchasing,purchase_order_lines,sku_snapshot,string,null: false,
Vendors & Purchasing,purchase_order_lines,vendor_item_code_snapshot,string,,
Vendors & Purchasing,purchase_order_lines,ordered_quantity,integer,null: false,
Vendors & Purchasing,purchase_order_lines,cancelled_quantity,integer,"null: false, default: 0",
Vendors & Purchasing,purchase_order_lines,received_quantity,integer,"null: false, default: 0",Derived from posted accepted receipt lines where feasible.
Vendors & Purchasing,purchase_order_lines,list_cost_cents,integer,,
Vendors & Purchasing,purchase_order_lines,discount_bps,integer,,
Vendors & Purchasing,purchase_order_lines,expected_unit_cost_cents,integer,,
Vendors & Purchasing,purchase_order_lines,returnable_snapshot,boolean,,
Vendors & Purchasing,purchase_order_lines,special_order_quantity,integer,"null: false, default: 0",
Vendors & Purchasing,purchase_order_lines,tbo_required,boolean,"null: false, default: false",To-be-ordered indicator retained for purchasing workflow.
Vendors & Purchasing,purchase_order_lines,notes,text,,
Vendors & Purchasing,purchase_order_lines,created_at,datetime,null: false,Rails timestamp.
Vendors & Purchasing,purchase_order_lines,updated_at,datetime,null: false,Rails timestamp.
Receiving & Inventory,receipts,id,bigint,"primary key, auto-increment",
Receiving & Inventory,receipts,store_id,bigint,"FK: stores, null: false",
Receiving & Inventory,receipts,vendor_id,bigint,FK: vendors,
Receiving & Inventory,receipts,purchase_order_id,bigint,FK: purchase_orders,
Receiving & Inventory,receipts,receipt_number,string,null: false; unique with store_id,
Receiving & Inventory,receipts,vendor_document_number,string,,Packing slip or vendor invoice reference.
Receiving & Inventory,receipts,status,string,"null: false, default: draft","draft, posted, corrected, cancelled."
Receiving & Inventory,receipts,received_at,datetime,null: false,
Receiving & Inventory,receipts,received_by_user_id,bigint,"FK: users, null: false",
Receiving & Inventory,receipts,posted_at,datetime,,
Receiving & Inventory,receipts,posted_by_user_id,bigint,FK: users,
Receiving & Inventory,receipts,correction_of_receipt_id,bigint,FK: receipts,
Receiving & Inventory,receipts,notes,text,,
Receiving & Inventory,receipts,created_at,datetime,null: false,Rails timestamp.
Receiving & Inventory,receipts,updated_at,datetime,null: false,Rails timestamp.
Receiving & Inventory,receipt_lines,id,bigint,"primary key, auto-increment",
Receiving & Inventory,receipt_lines,receipt_id,bigint,"FK: receipts, null: false",
Receiving & Inventory,receipt_lines,purchase_order_line_id,bigint,FK: purchase_order_lines,
Receiving & Inventory,receipt_lines,product_variant_id,bigint,"FK: product_variants, null: false",
Receiving & Inventory,receipt_lines,description_snapshot,string,null: false,
Receiving & Inventory,receipt_lines,sku_snapshot,string,null: false,
Receiving & Inventory,receipt_lines,delivered_quantity,integer,"null: false, default: 0",
Receiving & Inventory,receipt_lines,accepted_quantity,integer,"null: false, default: 0",Only accepted quantity enters on-hand inventory.
Receiving & Inventory,receipt_lines,rejected_quantity,integer,"null: false, default: 0",
Receiving & Inventory,receipt_lines,damaged_quantity,integer,"null: false, default: 0",Accepted into unavailable damaged status.
Receiving & Inventory,receipt_lines,inspection_quantity,integer,"null: false, default: 0",Accepted into unavailable inspection status.
Receiving & Inventory,receipt_lines,list_cost_cents,integer,,
Receiving & Inventory,receipt_lines,discount_bps,integer,,
Receiving & Inventory,receipt_lines,unit_cost_cents,integer,,Actual acquisition cost used for inventory.
Receiving & Inventory,receipt_lines,discrepancy_reason,string,,"Shortage, overage, damage, substitution, cost variance, other."
Receiving & Inventory,receipt_lines,notes,text,,
Receiving & Inventory,receipt_lines,created_at,datetime,null: false,Rails timestamp.
Receiving & Inventory,receipt_lines,updated_at,datetime,null: false,Rails timestamp.
Receiving & Inventory,stock_balances,id,bigint,"primary key, auto-increment",
Receiving & Inventory,stock_balances,store_id,bigint,"FK: stores, null: false; unique with product_variant_id",
Receiving & Inventory,stock_balances,product_variant_id,bigint,"FK: product_variants, null: false; unique with store_id",
Receiving & Inventory,stock_balances,on_hand,integer,"null: false, default: 0",
Receiving & Inventory,stock_balances,reserved,integer,"null: false, default: 0",
Receiving & Inventory,stock_balances,unavailable,integer,"null: false, default: 0",
Receiving & Inventory,stock_balances,on_order,integer,"null: false, default: 0",
Receiving & Inventory,stock_balances,moving_average_cost_cents,integer,,
Receiving & Inventory,stock_balances,last_received_at,datetime,,
Receiving & Inventory,stock_balances,lock_version,integer,"null: false, default: 0",Optimistic locking for concurrent inventory updates.
Receiving & Inventory,stock_balances,created_at,datetime,null: false,Rails timestamp.
Receiving & Inventory,stock_balances,updated_at,datetime,null: false,Rails timestamp.
Receiving & Inventory,inventory_units,id,bigint,"primary key, auto-increment",
Receiving & Inventory,inventory_units,product_variant_id,bigint,"FK: product_variants, null: false",Parent variant must use individual tracking.
Receiving & Inventory,inventory_units,store_id,bigint,"FK: stores, null: false",
Receiving & Inventory,inventory_units,unit_identifier,string,"null: false, unique",ShelfStack-generated 27-prefix EAN-13 identifier.
Receiving & Inventory,inventory_units,condition_id,bigint,"FK: product_conditions, null: false",
Receiving & Inventory,inventory_units,acquisition_cost_cents,integer,,
Receiving & Inventory,inventory_units,price_cents,integer,,Optional unit-specific selling price.
Receiving & Inventory,inventory_units,description,string,,Copy-specific public description.
Receiving & Inventory,inventory_units,internal_notes,text,,
Receiving & Inventory,inventory_units,status,string,"null: false, default: available","available, reserved, sold, inspection, damaged, rtv, discarded, in_transfer."
Receiving & Inventory,inventory_units,acquisition_source_type,string,,"receipt_line, return_line, buyback, adjustment, other."
Receiving & Inventory,inventory_units,acquisition_source_id,bigint,,Polymorphic source identifier.
Receiving & Inventory,inventory_units,acquired_at,datetime,,
Receiving & Inventory,inventory_units,sold_pos_line_item_id,bigint,FK: pos_line_items,
Receiving & Inventory,inventory_units,created_at,datetime,null: false,Rails timestamp.
Receiving & Inventory,inventory_units,updated_at,datetime,null: false,Rails timestamp.
Receiving & Inventory,inventory_ledger_entries,id,bigint,"primary key, auto-increment",
Receiving & Inventory,inventory_ledger_entries,store_id,bigint,"FK: stores, null: false",
Receiving & Inventory,inventory_ledger_entries,product_variant_id,bigint,"FK: product_variants, null: false",
Receiving & Inventory,inventory_ledger_entries,inventory_unit_id,bigint,FK: inventory_units,
Receiving & Inventory,inventory_ledger_entries,movement_type,string,null: false,"receipt, sale, customer_return, adjustment_increase, adjustment_decrease, transfer_out, transfer_in, rtv_shipment, discard, post_void, correction."
Receiving & Inventory,inventory_ledger_entries,quantity_delta,integer,null: false,Signed on-hand quantity effect; zero is permitted for status-only movement.
Receiving & Inventory,inventory_ledger_entries,from_status,string,,
Receiving & Inventory,inventory_ledger_entries,to_status,string,,
Receiving & Inventory,inventory_ledger_entries,unit_cost_cents,integer,,
Receiving & Inventory,inventory_ledger_entries,extended_cost_cents,integer,,
Receiving & Inventory,inventory_ledger_entries,source_type,string,null: false,"receipt_line, pos_line_item, inventory_adjustment_line, other."
Receiving & Inventory,inventory_ledger_entries,source_id,bigint,null: false,Polymorphic source identifier.
Receiving & Inventory,inventory_ledger_entries,reverses_entry_id,bigint,FK: inventory_ledger_entries,
Receiving & Inventory,inventory_ledger_entries,posted_at,datetime,null: false,
Receiving & Inventory,inventory_ledger_entries,posted_by_user_id,bigint,FK: users,
Receiving & Inventory,inventory_ledger_entries,reason,text,,
Receiving & Inventory,inventory_ledger_entries,created_at,datetime,null: false,Rails timestamp.
Receiving & Inventory,inventory_reservations,id,bigint,"primary key, auto-increment",
Receiving & Inventory,inventory_reservations,store_id,bigint,"FK: stores, null: false",
Receiving & Inventory,inventory_reservations,product_variant_id,bigint,"FK: product_variants, null: false",
Receiving & Inventory,inventory_reservations,inventory_unit_id,bigint,FK: inventory_units,Required for individually tracked merchandise.
Receiving & Inventory,inventory_reservations,source_type,string,null: false,pos_line_item initially; extensible to holds or online orders later.
Receiving & Inventory,inventory_reservations,source_id,bigint,null: false,
Receiving & Inventory,inventory_reservations,pos_transaction_id,bigint,FK: pos_transactions,
Receiving & Inventory,inventory_reservations,pos_line_item_id,bigint,FK: pos_line_items,
Receiving & Inventory,inventory_reservations,quantity,integer,"null: false, default: 1",
Receiving & Inventory,inventory_reservations,status,string,"null: false, default: active","active, released, converted."
Receiving & Inventory,inventory_reservations,reserved_at,datetime,null: false,
Receiving & Inventory,inventory_reservations,released_at,datetime,,
Receiving & Inventory,inventory_reservations,converted_at,datetime,,
Receiving & Inventory,inventory_reservations,released_by_user_id,bigint,FK: users,
Receiving & Inventory,inventory_reservations,release_reason,text,,
Receiving & Inventory,inventory_reservations,created_at,datetime,null: false,Rails timestamp.
Receiving & Inventory,inventory_reservations,updated_at,datetime,null: false,Rails timestamp.
Receiving & Inventory,inventory_adjustments,id,bigint,"primary key, auto-increment",
Receiving & Inventory,inventory_adjustments,store_id,bigint,"FK: stores, null: false",
Receiving & Inventory,inventory_adjustments,adjustment_number,string,null: false; unique with store_id,
Receiving & Inventory,inventory_adjustments,status,string,"null: false, default: draft","draft, submitted, posted, cancelled."
Receiving & Inventory,inventory_adjustments,reason,text,null: false,
Receiving & Inventory,inventory_adjustments,created_by_user_id,bigint,"FK: users, null: false",
Receiving & Inventory,inventory_adjustments,posted_by_user_id,bigint,FK: users,
Receiving & Inventory,inventory_adjustments,posted_at,datetime,,
Receiving & Inventory,inventory_adjustments,created_at,datetime,null: false,Rails timestamp.
Receiving & Inventory,inventory_adjustments,updated_at,datetime,null: false,Rails timestamp.
Receiving & Inventory,inventory_adjustment_lines,id,bigint,"primary key, auto-increment",
Receiving & Inventory,inventory_adjustment_lines,inventory_adjustment_id,bigint,"FK: inventory_adjustments, null: false",
Receiving & Inventory,inventory_adjustment_lines,product_variant_id,bigint,"FK: product_variants, null: false",
Receiving & Inventory,inventory_adjustment_lines,inventory_unit_id,bigint,FK: inventory_units,
Receiving & Inventory,inventory_adjustment_lines,quantity_delta,integer,"null: false, default: 0",
Receiving & Inventory,inventory_adjustment_lines,from_status,string,,
Receiving & Inventory,inventory_adjustment_lines,to_status,string,,
Receiving & Inventory,inventory_adjustment_lines,unit_cost_cents,integer,,
Receiving & Inventory,inventory_adjustment_lines,reason,text,,
Receiving & Inventory,inventory_adjustment_lines,created_at,datetime,null: false,Rails timestamp.
Receiving & Inventory,inventory_adjustment_lines,updated_at,datetime,null: false,Rails timestamp.
POS Transactions,pos_transactions,id,bigint,"primary key, auto-increment",
POS Transactions,pos_transactions,public_id,string,"null: false, unique",Non-sequential identifier assigned when opened.
POS Transactions,pos_transactions,store_id,bigint,"FK: stores, null: false",
POS Transactions,pos_transactions,status,string,"null: false, default: open","open, suspended, completed, cancelled."
POS Transactions,pos_transactions,origin_pos_session_id,bigint,"FK: pos_sessions, null: false",
POS Transactions,pos_transactions,active_pos_session_id,bigint,FK: pos_sessions,Session currently editing the transaction.
POS Transactions,pos_transactions,completed_pos_session_id,bigint,FK: pos_sessions,Completion and financial reporting session.
POS Transactions,pos_transactions,customer_id,bigint,FK: customers,Customer domain is not included in this workbook.
POS Transactions,pos_transactions,opened_by_user_id,bigint,"FK: users, null: false",
POS Transactions,pos_transactions,cashier_user_id,bigint,FK: users,Actual completing cashier.
POS Transactions,pos_transactions,salesperson_user_id,bigint,FK: users,
POS Transactions,pos_transactions,receipt_sequence,bigint,,Assigned atomically only on successful completion.
POS Transactions,pos_transactions,receipt_number,string,unique with store_id,Nullable until completion.
POS Transactions,pos_transactions,opened_at,datetime,null: false,
POS Transactions,pos_transactions,suspended_at,datetime,,
POS Transactions,pos_transactions,completed_at,datetime,,
POS Transactions,pos_transactions,cancelled_at,datetime,,
POS Transactions,pos_transactions,cancelled_by_user_id,bigint,FK: users,
POS Transactions,pos_transactions,cancellation_reason,text,,
POS Transactions,pos_transactions,reverses_pos_transaction_id,bigint,FK: pos_transactions,Original completed transaction for a full post-void.
POS Transactions,pos_transactions,post_void_reason,text,,
POS Transactions,pos_transactions,post_void_authorized_by_user_id,bigint,FK: users,
POS Transactions,pos_transactions,sale_total_cents,integer,"null: false, default: 0",
POS Transactions,pos_transactions,return_total_cents,integer,"null: false, default: 0",
POS Transactions,pos_transactions,discount_total_cents,integer,"null: false, default: 0",
POS Transactions,pos_transactions,tax_total_cents,integer,"null: false, default: 0",
POS Transactions,pos_transactions,net_total_cents,integer,"null: false, default: 0",
POS Transactions,pos_transactions,tender_received_total_cents,integer,"null: false, default: 0",
POS Transactions,pos_transactions,tender_refunded_total_cents,integer,"null: false, default: 0",
POS Transactions,pos_transactions,balance_due_cents,integer,"null: false, default: 0",
POS Transactions,pos_transactions,completion_idempotency_key,string,unique,
POS Transactions,pos_transactions,created_at,datetime,null: false,Rails timestamp.
POS Transactions,pos_transactions,updated_at,datetime,null: false,Rails timestamp.
POS Transactions,pos_line_items,id,bigint,"primary key, auto-increment",
POS Transactions,pos_line_items,pos_transaction_id,bigint,"FK: pos_transactions, null: false",
POS Transactions,pos_line_items,status,string,"null: false, default: pending","pending, completed, removed."
POS Transactions,pos_line_items,direction,string,null: false,"sale, return."
POS Transactions,pos_line_items,line_kind,string,null: false,"product, open_ring, stored_value."
POS Transactions,pos_line_items,position,smallint,"null: false, default: 0",
POS Transactions,pos_line_items,product_id,bigint,FK: products,Snapshot reference for product lines.
POS Transactions,pos_line_items,product_variant_id,bigint,FK: product_variants,
POS Transactions,pos_line_items,inventory_unit_id,bigint,FK: inventory_units,Required for individually tracked product sales.
POS Transactions,pos_line_items,stored_value_account_id,bigint,FK: stored_value_accounts,Used for stored-value issuance or reload lines.
POS Transactions,pos_line_items,department_id,bigint,FK: departments,Historical posting snapshot.
POS Transactions,pos_line_items,display_category_id,bigint,FK: display_categories,Historical merchandising snapshot.
POS Transactions,pos_line_items,tax_category_id,bigint,FK: tax_categories,Historical tax classification snapshot.
POS Transactions,pos_line_items,return_policy_id,bigint,FK: return_policies,Historical return-policy snapshot.
POS Transactions,pos_line_items,description_snapshot,string,null: false,
POS Transactions,pos_line_items,sku_snapshot,string,,
POS Transactions,pos_line_items,identifier_snapshot,string,,
POS Transactions,pos_line_items,condition_snapshot,string,,
POS Transactions,pos_line_items,format_snapshot,string,,
POS Transactions,pos_line_items,inventory_tracking_mode_snapshot,string,,"quantity, individual, none."
POS Transactions,pos_line_items,quantity,integer,"null: false, default: 1",Weighted merchandise is deferred; use integer quantity for the initial release.
POS Transactions,pos_line_items,unit_regular_price_cents,integer,,
POS Transactions,pos_line_items,unit_selling_price_cents,integer,,Price after approved price override and before discounts.
POS Transactions,pos_line_items,gross_amount_cents,integer,,
POS Transactions,pos_line_items,discount_amount_cents,integer,"null: false, default: 0",Cached sum of discount allocations.
POS Transactions,pos_line_items,net_amount_cents,integer,,
POS Transactions,pos_line_items,tax_amount_cents,integer,"null: false, default: 0",Cached sum of line tax components.
POS Transactions,pos_line_items,total_amount_cents,integer,,
POS Transactions,pos_line_items,unit_cost_cents,integer,,Historical moving-average or exact-unit cost.
POS Transactions,pos_line_items,extended_cost_cents,integer,,
POS Transactions,pos_line_items,price_source,string,,"variant, inventory_unit, future price book, override."
POS Transactions,pos_line_items,cost_source,string,,"moving_average, inventory_unit, manual, unavailable."
POS Transactions,pos_line_items,price_override_reason,text,,
POS Transactions,pos_line_items,price_override_by_user_id,bigint,FK: users,
POS Transactions,pos_line_items,original_pos_line_item_id,bigint,FK: pos_line_items,Original completed sale line for a linked return.
POS Transactions,pos_line_items,return_source,string,,"linked_sale, external_receipt, gift_receipt, no_receipt."
POS Transactions,pos_line_items,refund_basis,string,,"original_sale, verified_receipt, current_price, lowest_recent_price, manual."
POS Transactions,pos_line_items,return_reason_id,bigint,FK: return_reasons,
POS Transactions,pos_line_items,return_disposition,string,,"return_to_stock, inspection_required, damaged, return_to_vendor, discard, non_inventory."
POS Transactions,pos_line_items,reverses_pos_line_item_id,bigint,FK: pos_line_items,Exact line reversed by a post-void.
POS Transactions,pos_line_items,removed_at,datetime,,
POS Transactions,pos_line_items,removed_by_user_id,bigint,FK: users,
POS Transactions,pos_line_items,removal_reason,text,,
POS Transactions,pos_line_items,created_at,datetime,null: false,
POS Transactions,pos_line_items,created_by_user_id,bigint,FK: users,
POS Transactions,pos_line_items,completed_at,datetime,,
POS Transactions,pos_line_items,completed_by_user_id,bigint,FK: users,
POS Transactions,pos_line_items,updated_at,datetime,null: false,Rails timestamp.
POS Transactions,pos_discounts,id,bigint,"primary key, auto-increment",
POS Transactions,pos_discounts,pos_transaction_id,bigint,"FK: pos_transactions, null: false",
POS Transactions,pos_discounts,target_pos_line_item_id,bigint,FK: pos_line_items,Populated for a discount specifically targeted at one line.
POS Transactions,pos_discounts,scope,string,null: false,"line, transaction."
POS Transactions,pos_discounts,method,string,null: false,"percentage, fixed_amount, fixed_price."
POS Transactions,pos_discounts,position,smallint,"null: false, default: 0",
POS Transactions,pos_discounts,base_amount_cents,integer,,
POS Transactions,pos_discounts,rate_bps,integer,,
POS Transactions,pos_discounts,requested_amount_cents,integer,,
POS Transactions,pos_discounts,applied_amount_cents,integer,null: false,
POS Transactions,pos_discounts,discount_reason_id,bigint,FK: discount_reasons,
POS Transactions,pos_discounts,promotion_id,bigint,FK: promotions,Promotion definition domain is deferred.
POS Transactions,pos_discounts,coupon_code,string,,
POS Transactions,pos_discounts,reference,string,,
POS Transactions,pos_discounts,created_by_user_id,bigint,FK: users,
POS Transactions,pos_discounts,created_at,datetime,null: false,
POS Transactions,pos_discount_allocations,id,bigint,"primary key, auto-increment",
POS Transactions,pos_discount_allocations,pos_discount_id,bigint,"FK: pos_discounts, null: false",
POS Transactions,pos_discount_allocations,pos_line_item_id,bigint,"FK: pos_line_items, null: false",
POS Transactions,pos_discount_allocations,eligible_amount_cents,integer,,
POS Transactions,pos_discount_allocations,allocated_amount_cents,integer,null: false,
POS Transactions,pos_discount_allocations,created_at,datetime,null: false,
POS Transactions,pos_line_item_taxes,id,bigint,"primary key, auto-increment",
POS Transactions,pos_line_item_taxes,pos_line_item_id,bigint,"FK: pos_line_items, null: false",
POS Transactions,pos_line_item_taxes,tax_category_id,bigint,FK: tax_categories,
POS Transactions,pos_line_item_taxes,store_tax_rate_id,bigint,FK: store_tax_rates,
POS Transactions,pos_line_item_taxes,position,smallint,"null: false, default: 0",
POS Transactions,pos_line_item_taxes,taxable_amount_cents,integer,,
POS Transactions,pos_line_item_taxes,rate,"decimal(10,8)",,Historical rate snapshot.
POS Transactions,pos_line_item_taxes,amount_cents,integer,null: false,
POS Transactions,pos_line_item_taxes,created_at,datetime,null: false,
POS Transactions,pos_tax_exemptions,id,bigint,"primary key, auto-increment",
POS Transactions,pos_tax_exemptions,pos_transaction_id,bigint,"FK: pos_transactions, null: false",
POS Transactions,pos_tax_exemptions,exemption_type,string,null: false,
POS Transactions,pos_tax_exemptions,certificate_number,string,,
POS Transactions,pos_tax_exemptions,jurisdiction,string,,
POS Transactions,pos_tax_exemptions,holder_name,string,,
POS Transactions,pos_tax_exemptions,effective_on,date,,
POS Transactions,pos_tax_exemptions,expires_on,date,,
POS Transactions,pos_tax_exemptions,notes,text,,
POS Transactions,pos_tax_exemptions,verified_by_user_id,bigint,FK: users,
POS Transactions,pos_tax_exemptions,verified_at,datetime,,
POS Transactions,pos_tax_exemptions,pos_approval_id,bigint,FK: pos_approvals,"Approval used for missing, expired, or incomplete evidence."
POS Transactions,pos_tax_exemptions,created_at,datetime,null: false,
POS Transactions,pos_tax_exemptions,updated_at,datetime,null: false,
POS Transactions,pos_tenders,id,bigint,"primary key, auto-increment",
POS Transactions,pos_tenders,pos_transaction_id,bigint,"FK: pos_transactions, null: false",
POS Transactions,pos_tenders,tender_type_id,bigint,"FK: tender_types, null: false",
POS Transactions,pos_tenders,tender_category_snapshot,string,null: false,"cash, card, check, stored_value, other."
POS Transactions,pos_tenders,direction,string,null: false,"received, refunded."
POS Transactions,pos_tenders,status,string,"null: false, default: pending","pending, authorized, completed, declined, voided, refunded, failed, removed."
POS Transactions,pos_tenders,applied_amount_cents,integer,null: false,
POS Transactions,pos_tenders,amount_presented_cents,integer,,Cash only.
POS Transactions,pos_tenders,change_given_cents,integer,,Cash only; part of the received tender.
POS Transactions,pos_tenders,stored_value_account_id,bigint,FK: stored_value_accounts,
POS Transactions,pos_tenders,original_pos_tender_id,bigint,FK: pos_tenders,Original tender for a linked refund.
POS Transactions,pos_tenders,reverses_pos_tender_id,bigint,FK: pos_tenders,
POS Transactions,pos_tenders,reference_1,string,,Label and requirement supplied by tender type.
POS Transactions,pos_tenders,reference_2,string,,
POS Transactions,pos_tenders,card_brand_snapshot,string,,
POS Transactions,pos_tenders,masked_last_four,string,limit: 4,
POS Transactions,pos_tenders,authorization_code,string,,
POS Transactions,pos_tenders,terminal_reference,string,,Standalone terminal reference.
POS Transactions,pos_tenders,external_reference,string,,
POS Transactions,pos_tenders,processed_at,datetime,,
POS Transactions,pos_tenders,created_by_user_id,bigint,FK: users,
POS Transactions,pos_tenders,created_at,datetime,null: false,
POS Transactions,pos_cash_movements,id,bigint,"primary key, auto-increment",
POS Transactions,pos_cash_movements,pos_session_id,bigint,FK: pos_sessions,
POS Transactions,pos_cash_movements,business_day_id,bigint,"FK: business_days, null: false",
POS Transactions,pos_cash_movements,cash_drawer_id,bigint,FK: cash_drawers,
POS Transactions,pos_cash_movements,cash_movement_type_id,bigint,"FK: cash_movement_types, null: false",
POS Transactions,pos_cash_movements,amount_cents,integer,null: false,Direction is supplied by cash_movement_type.
POS Transactions,pos_cash_movements,status,string,"null: false, default: pending","pending, completed, reconciled."
POS Transactions,pos_cash_movements,reference,string,,
POS Transactions,pos_cash_movements,created_by_user_id,bigint,FK: users,
POS Transactions,pos_cash_movements,completed_at,datetime,,
POS Transactions,pos_cash_movements,reconciled_at,datetime,,
POS Transactions,pos_cash_movements,reconciled_by_user_id,bigint,FK: users,
POS Transactions,pos_cash_movements,created_at,datetime,null: false,
POS Transactions,pos_approvals,id,bigint,"primary key, auto-increment",
POS Transactions,pos_approvals,store_id,bigint,"FK: stores, null: false",
POS Transactions,pos_approvals,pos_session_id,bigint,FK: pos_sessions,
POS Transactions,pos_approvals,pos_transaction_id,bigint,FK: pos_transactions,
POS Transactions,pos_approvals,pos_line_item_id,bigint,FK: pos_line_items,
POS Transactions,pos_approvals,pos_cash_movement_id,bigint,FK: pos_cash_movements,
POS Transactions,pos_approvals,pos_line_item_tax_id,bigint,FK: pos_line_item_taxes,
POS Transactions,pos_approvals,pos_tender_id,bigint,FK: pos_tenders,
POS Transactions,pos_approvals,action_type,string,null: false,"Stable code: discount_override, price_override, no_receipt_return, post_void, paid_out, etc."
POS Transactions,pos_approvals,requested_by_user_id,bigint,"FK: users, null: false",
POS Transactions,pos_approvals,approved_by_user_id,bigint,"FK: users, null: false",
POS Transactions,pos_approvals,reason,text,null: false,
POS Transactions,pos_approvals,requested_value,"decimal(18,8)",,"Monetary, percentage, or quantity value where applicable."
POS Transactions,pos_approvals,approved_value,"decimal(18,8)",,
POS Transactions,pos_approvals,authorization_limit_snapshot,"decimal(18,8)",,
POS Transactions,pos_approvals,approved_at,datetime,null: false,
POS Transactions,pos_approvals,created_at,datetime,null: false,
POS Transactions,pos_receipt_print_events,id,bigint,"primary key, auto-increment",
POS Transactions,pos_receipt_print_events,pos_transaction_id,bigint,"FK: pos_transactions, null: false",
POS Transactions,pos_receipt_print_events,print_type,string,null: false,"original, reprint, gift_receipt, return_receipt, post_void."
POS Transactions,pos_receipt_print_events,printed_by_user_id,bigint,"FK: users, null: false",
POS Transactions,pos_receipt_print_events,printed_at,datetime,null: false,
POS Transactions,pos_receipt_print_events,created_at,datetime,null: false,
Stored Value,stored_value_accounts,id,bigint,"primary key, auto-increment",
Stored Value,stored_value_accounts,organization_id,bigint,"FK: organizations, null: false",
Stored Value,stored_value_accounts,account_type,string,null: false,"gift_card, store_credit, trade_credit."
Stored Value,stored_value_accounts,account_number,string,null: false; unique,
Stored Value,stored_value_accounts,status,string,"null: false, default: open","open, suspended, closed."
Stored Value,stored_value_accounts,current_balance_cents,integer,"null: false, default: 0",Cached balance; entry ledger is authoritative.
Stored Value,stored_value_accounts,opened_at,datetime,,
Stored Value,stored_value_accounts,last_used_at,datetime,,
Stored Value,stored_value_accounts,closed_at,datetime,,
Stored Value,stored_value_accounts,created_at,datetime,null: false,Rails timestamp.
Stored Value,stored_value_accounts,updated_at,datetime,null: false,Rails timestamp.
Stored Value,stored_value_entries,id,bigint,"primary key, auto-increment",
Stored Value,stored_value_entries,stored_value_account_id,bigint,"FK: stored_value_accounts, null: false",
Stored Value,stored_value_entries,entry_type,string,null: false,"issued, reloaded, redeemed, refunded, issuance_reversed, redemption_reversed, manual_adjustment."
Stored Value,stored_value_entries,pos_transaction_id,bigint,FK: pos_transactions,
Stored Value,stored_value_entries,pos_line_item_id,bigint,FK: pos_line_items,
Stored Value,stored_value_entries,pos_tender_id,bigint,FK: pos_tenders,
Stored Value,stored_value_entries,amount_cents,integer,null: false,"Signed amount; positive adds value, negative consumes value."
Stored Value,stored_value_entries,reverses_entry_id,bigint,FK: stored_value_entries,
Stored Value,stored_value_entries,stored_value_adjustment_reason_id,bigint,FK: stored_value_adjustment_reasons,Required for manual_adjustment.
Stored Value,stored_value_entries,description,string,,Required for manual entries; optional for system-generated entries.
Stored Value,stored_value_entries,created_by_user_id,bigint,FK: users,
Stored Value,stored_value_entries,created_at,datetime,null: false,
Reporting & Reconciliation,reconciliation_adjustments,id,bigint,"primary key, auto-increment",
Reporting & Reconciliation,reconciliation_adjustments,store_id,bigint,"FK: stores, null: false",
Reporting & Reconciliation,reconciliation_adjustments,business_day_id,bigint,FK: business_days,
Reporting & Reconciliation,reconciliation_adjustments,pos_session_id,bigint,FK: pos_sessions,
Reporting & Reconciliation,reconciliation_adjustments,adjustment_type,string,null: false,"cash_over, cash_short, card_difference, tender_misclassification, timing_difference, other."
Reporting & Reconciliation,reconciliation_adjustments,amount_cents,integer,null: false,
Reporting & Reconciliation,reconciliation_adjustments,reason,text,null: false,
Reporting & Reconciliation,reconciliation_adjustments,created_by_user_id,bigint,"FK: users, null: false",
Reporting & Reconciliation,reconciliation_adjustments,approved_by_user_id,bigint,FK: users,
Reporting & Reconciliation,reconciliation_adjustments,created_at,datetime,null: false,
Reporting & Reconciliation,reconciliation_adjustments,updated_at,datetime,null: false,